name,email,phone
Atharv Kulkarni,srinivaspamu2610@gmail.com,+919845670101
Dhruv Choudhary,dhruv.choudhary102@example.com,+917989893862
Manav Tiwari,manav.tiwari103@example.com,+918500498706
Pranav Pillai,pranav.pillai104@example.com,+917675991597
Samar Ghosh,samar.ghosh105@example.com,+919845670105
Tanmay Sethi,tanmay.sethi106@example.com,+919845670106
Vedant Mishra,vedant.mishra107@example.com,+919845670107
Aakash Chawla,aakash.chawla108@example.com,+919845670108
Bhavesh Solanki,bhavesh.solanki109@example.com,+919845670109
Chirag Wadhwa,chirag.wadhwa110@example.com,+919845670110
Esha Trivedi,esha.trivedi111@example.com,+919845670111
Nandini Kulshreshtha,nandini.kulshreshtha112@example.com,+919845670112
Palak Arora,palak.arora113@example.com,+919845670113
Ritika Bedi,ritika.bedi114@example.com,+919845670114
Sakshi Tomar,sakshi.tomar115@example.com,+919845670115
Vaishnavi Kamat,vaishnavi.kamat116@example.com,+919845670116
Yamini Kohli,yamini.kohli117@example.com,+919845670117
Charvi Anand,charvi.anand118@example.com,+919845670118
Mihika Purohit,mihika.purohit119@example.com,+919845670119
Aniket Dongre,aniket.dongre120@example.com,+919845670120